{"createtime":1490334277,"version":"e6dfde0406f1590c267df1ce9975beb3","category":[{"cate_id":"1","cate_name":"\u65e5\u5e38","cate_desc":"\u65e5\u5e38\u7528\u8bed","cate_system":"1","group":[]},{"cate_id":"8","cate_name":"\u7cfb\u7edf\u57fa\u7840\u5305","cate_desc":"\u7cfb\u7edf\u5185\u7f6e\u5305","cate_system":"1","group":[{"group_id":"52","cate_id":"8","group_name":"\u57fa\u7840\u8868\u60c5","group_desc":"\u57fa\u7840\u8868\u60c5\u7cfb\u5217\u8868\u60c5","group_count":"66","group_cover":"cover.jpg","group_icon":"icon.jpg","group_format":"png","group_custom":"0","group_system":"1","emo":[{"emo_id":"804","emo_name":"NO","emo_desc":"NO","emo_cate_id":"8","emo_group_id":"52","emo_format":"png","emo_code":"OC81Mi9OTy5wbmctNTctNTc=","width":"57","height":"57","mime":"image\/png"},{"emo_id":"805","emo_name":"OK","emo_desc":"OK","emo_cate_id":"8","emo_group_id":"52","emo_format":"png","emo_code":"OC81Mi9PSy5wbmctNTctNTc=","width":"57","height":"57","mime":"image\/png"},{"emo_id":"806","emo_name":"\u4eb2\u4eb2","emo_desc":"\u4eb2\u4eb2","emo_cate_id":"8","emo_group_id":"52","emo_format":"png","emo_code":"OC81Mi-kurLkurIucG5nLTU3LTU3","width":"57","height":"57","mime":"image\/png"},{"emo_id":"807","emo_name":"\u4fbf\u4fbf","emo_desc":"\u4fbf\u4fbf","emo_cate_id":"8","emo_group_id":"52","emo_format":"png","emo_code":"OC81Mi-kvr-kvr8ucG5nLTU3LTU3","width":"57","height":"57","mime":"image\/png"},{"emo_id":"808","emo_name":"\u5077\u7b11","emo_desc":"\u5077\u7b11","emo_cate_id":"8","emo_group_id":"52","emo_format":"png","emo_code":"OC81Mi-lgbfnrJEucG5nLTU3LTU3","width":"57","height":"57","mime":"image\/png"},{"emo_id":"809","emo_name":"\u50b2\u6162","emo_desc":"\u50b2\u6162","emo_cate_id":"8","emo_group_id":"52","emo_format":"png","emo_code":"OC81Mi-lgrLmhaIucG5nLTU3LTU3","width":"57","height":"57","mime":"image\/png"},{"emo_id":"810","emo_name":"\u5175\u4e53\u7403","emo_desc":"\u5175\u4e53\u7403","emo_cate_id":"8","emo_group_id":"52","emo_format":"png","emo_code":"OC81Mi-lhbXkuZPnkIMucG5nLTU3LTU3","width":"57","height":"57","mime":"image\/png"},{"emo_id":"811","emo_name":"\u51b7\u6c57","emo_desc":"\u51b7\u6c57","emo_cate_id":"8","emo_group_id":"52","emo_format":"png","emo_code":"OC81Mi-lhrfmsZcucG5nLTU3LTU3","width":"57","height":"57","mime":"image\/png"},{"emo_id":"812","emo_name":"\u51cb\u8c22\u73ab\u7470","emo_desc":"\u51cb\u8c22\u73ab\u7470","emo_cate_id":"8","emo_group_id":"52","emo_format":"png","emo_code":"OC81Mi-lh4vosKLnjqvnkbAucG5nLTU3LTU3","width":"57","height":"57","mime":"image\/png"},{"emo_id":"813","emo_name":"\u5200","emo_desc":"\u5200","emo_cate_id":"8","emo_group_id":"52","emo_format":"png","emo_code":"OC81Mi-liIAucG5nLTU3LTU3","width":"57","height":"57","mime":"image\/png"},{"emo_id":"814","emo_name":"\u52fe\u5f15","emo_desc":"\u52fe\u5f15","emo_cate_id":"8","emo_group_id":"52","emo_format":"png","emo_code":"OC81Mi-li77lvJUucG5nLTU3LTU3","width":"57","height":"57","mime":"image\/png"},{"emo_id":"815","emo_name":"\u53d1\u6012","emo_desc":"\u53d1\u6012","emo_cate_id":"8","emo_group_id":"52","emo_format":"png","emo_code":"OC81Mi-lj5HmgJIucG5nLTU3LTU3","width":"57","height":"57","mime":"image\/png"},{"emo_id":"816","emo_name":"\u53d1\u72c2","emo_desc":"\u53d1\u72c2","emo_cate_id":"8","emo_group_id":"52","emo_format":"png","emo_code":"OC81Mi-lj5Hni4IucG5nLTU3LTU3","width":"57","height":"57","mime":"image\/png"},{"emo_id":"817","emo_name":"\u53ef\u601c","emo_desc":"\u53ef\u601c","emo_cate_id":"8","emo_group_id":"52","emo_format":"png","emo_code":"OC81Mi-lj6-mgJwucG5nLTU3LTU3","width":"57","height":"57","mime":"image\/png"},{"emo_id":"818","emo_name":"\u53ef\u7231","emo_desc":"\u53ef\u7231","emo_cate_id":"8","emo_group_id":"52","emo_format":"png","emo_code":"OC81Mi-lj6-niLEucG5nLTU3LTU3","width":"57","height":"57","mime":"image\/png"},{"emo_id":"819","emo_name":"\u53f3\u54fc\u54fc","emo_desc":"\u53f3\u54fc\u54fc","emo_cate_id":"8","emo_group_id":"52","emo_format":"png","emo_code":"OC81Mi-lj7Plk7zlk7wucG5nLTU3LTU3","width":"57","height":"57","mime":"image\/png"},{"emo_id":"820","emo_name":"\u5413","emo_desc":"\u5413","emo_cate_id":"8","emo_group_id":"52","emo_format":"png","emo_code":"OC81Mi-lkJMucG5nLTU3LTU3","width":"57","height":"57","mime":"image\/png"},{"emo_id":"821","emo_name":"\u5455\u5410","emo_desc":"\u5455\u5410","emo_cate_id":"8","emo_group_id":"52","emo_format":"png","emo_code":"OC81Mi-lkZXlkJAucG5nLTU3LTU3","width":"57","height":"57","mime":"image\/png"},{"emo_id":"822","emo_name":"\u5496\u5561","emo_desc":"\u5496\u5561","emo_cate_id":"8","emo_group_id":"52","emo_format":"png","emo_code":"OC81Mi-lkpbllaEucG5nLTU3LTU3","width":"57","height":"57","mime":"image\/png"},{"emo_id":"823","emo_name":"\u54ed","emo_desc":"\u54ed","emo_cate_id":"8","emo_group_id":"52","emo_format":"png","emo_code":"OC81Mi-lk60ucG5nLTU3LTU3","width":"57","height":"57","mime":"image\/png"},{"emo_id":"824","emo_name":"\u5564\u9152","emo_desc":"\u5564\u9152","emo_cate_id":"8","emo_group_id":"52","emo_format":"png","emo_code":"OC81Mi-llaTphZIucG5nLTU3LTU3","width":"57","height":"57","mime":"image\/png"},{"emo_id":"825","emo_name":"\u55c5\u5927\u4e86","emo_desc":"\u55c5\u5927\u4e86","emo_cate_id":"8","emo_group_id":"52","emo_format":"png","emo_code":"OC81Mi-ll4XlpKfkuoYucG5nLTU3LTU3","width":"57","height":"57","mime":"image\/png"},{"emo_id":"826","emo_name":"\u5634\u5507","emo_desc":"\u5634\u5507","emo_cate_id":"8","emo_group_id":"52","emo_format":"png","emo_code":"OC81Mi-lmLTllIcucG5nLTU3LTU3","width":"57","height":"57","mime":"image\/png"},{"emo_id":"827","emo_name":"\u574f\u7b11","emo_desc":"\u574f\u7b11","emo_cate_id":"8","emo_group_id":"52","emo_format":"png","emo_code":"OC81Mi-lnY-nrJEucG5nLTU3LTU3","width":"57","height":"57","mime":"image\/png"},{"emo_id":"828","emo_name":"\u5927\u54ed","emo_desc":"\u5927\u54ed","emo_cate_id":"8","emo_group_id":"52","emo_format":"png","emo_code":"OC81Mi-lpKflk60ucG5nLTU3LTU3","width":"57","height":"57","mime":"image\/png"},{"emo_id":"829","emo_name":"\u592a\u9633","emo_desc":"\u592a\u9633","emo_cate_id":"8","emo_group_id":"52","emo_format":"png","emo_code":"OC81Mi-lpKrpmLMucG5nLTU3LTU3","width":"57","height":"57","mime":"image\/png"},{"emo_id":"830","emo_name":"\u59d4\u5c48","emo_desc":"\u59d4\u5c48","emo_cate_id":"8","emo_group_id":"52","emo_format":"png","emo_code":"OC81Mi-lp5TlsYgucG5nLTU3LTU3","width":"57","height":"57","mime":"image\/png"},{"emo_id":"831","emo_name":"\u5bb3\u7f9e","emo_desc":"\u5bb3\u7f9e","emo_cate_id":"8","emo_group_id":"52","emo_format":"png","emo_code":"OC81Mi-lrrPnvp4ucG5nLTU3LTU3","width":"57","height":"57","mime":"image\/png"},{"emo_id":"832","emo_name":"\u5c34\u5c2c","emo_desc":"\u5c34\u5c2c","emo_cate_id":"8","emo_group_id":"52","emo_format":"png","emo_code":"OC81Mi-lsLTlsKwucG5nLTU3LTU3","width":"57","height":"57","mime":"image\/png"},{"emo_id":"833","emo_name":"\u5de6\u54fc\u54fc","emo_desc":"\u5de6\u54fc\u54fc","emo_cate_id":"8","emo_group_id":"52","emo_format":"png","emo_code":"OC81Mi-lt6blk7zlk7wucG5nLTU3LTU3","width":"57","height":"57","mime":"image\/png"},{"emo_id":"834","emo_name":"\u5dee\u52b2","emo_desc":"\u5dee\u52b2","emo_cate_id":"8","emo_group_id":"52","emo_format":"png","emo_code":"OC81Mi-lt67lirIucG5nLTU3LTU3","width":"57","height":"57","mime":"image\/png"},{"emo_id":"835","emo_name":"\u5f31","emo_desc":"\u5f31","emo_cate_id":"8","emo_group_id":"52","emo_format":"png","emo_code":"OC81Mi-lvLEucG5nLTU3LTU3","width":"57","height":"57","mime":"image\/png"},{"emo_id":"836","emo_name":"\u5f3a","emo_desc":"\u5f3a","emo_cate_id":"8","emo_group_id":"52","emo_format":"png","emo_code":"OC81Mi-lvLoucG5nLTU3LTU3","width":"57","height":"57","mime":"image\/png"},{"emo_id":"837","emo_name":"\u5fae\u7b11","emo_desc":"\u5fae\u7b11","emo_cate_id":"8","emo_group_id":"52","emo_format":"png","emo_code":"OC81Mi-lvq7nrJEucG5nLTU3LTU3","width":"57","height":"57","mime":"image\/png"},{"emo_id":"838","emo_name":"\u5fc3\u788e","emo_desc":"\u5fc3\u788e","emo_cate_id":"8","emo_group_id":"52","emo_format":"png","emo_code":"OC81Mi-lv4Pnoo4ucG5nLTU3LTU3","width":"57","height":"57","mime":"image\/png"},{"emo_id":"839","emo_name":"\u5feb\u54ed","emo_desc":"\u5feb\u54ed","emo_cate_id":"8","emo_group_id":"52","emo_format":"png","emo_code":"OC81Mi-lv6vlk60ucG5nLTU3LTU3","width":"57","height":"57","mime":"image\/png"},{"emo_id":"840","emo_name":"\u60ca\u8bb6","emo_desc":"\u60ca\u8bb6","emo_cate_id":"8","emo_group_id":"52","emo_format":"png","emo_code":"OC81Mi-mg4rorrYucG5nLTU3LTU3","width":"57","height":"57","mime":"image\/png"},{"emo_id":"841","emo_name":"\u6253\u54c8\u6b20","emo_desc":"\u6253\u54c8\u6b20","emo_cate_id":"8","emo_group_id":"52","emo_format":"png","emo_code":"OC81Mi-miZPlk4jmrKAucG5nLTU3LTU3","width":"57","height":"57","mime":"image\/png"},{"emo_id":"842","emo_name":"\u62a0\u9f3b","emo_desc":"\u62a0\u9f3b","emo_cate_id":"8","emo_group_id":"52","emo_format":"png","emo_code":"OC81Mi-miqDpvLsucG5nLTU3LTU3","width":"57","height":"57","mime":"image\/png"},{"emo_id":"843","emo_name":"\u62b1\u62f3","emo_desc":"\u62b1\u62f3","emo_cate_id":"8","emo_group_id":"52","emo_format":"png","emo_code":"OC81Mi-mirHmi7MucG5nLTU3LTU3","width":"57","height":"57","mime":"image\/png"},{"emo_id":"844","emo_name":"\u62f3\u5934","emo_desc":"\u62f3\u5934","emo_cate_id":"8","emo_group_id":"52","emo_format":"png","emo_code":"OC81Mi-mi7PlpLQucG5nLTU3LTU3","width":"57","height":"57","mime":"image\/png"},{"emo_id":"845","emo_name":"\u63e1\u624b","emo_desc":"\u63e1\u624b","emo_cate_id":"8","emo_group_id":"52","emo_format":"png","emo_code":"OC81Mi-mj6HmiYsucG5nLTU3LTU3","width":"57","height":"57","mime":"image\/png"},{"emo_id":"846","emo_name":"\u6708\u4eae","emo_desc":"\u6708\u4eae","emo_cate_id":"8","emo_group_id":"52","emo_format":"png","emo_code":"OC81Mi-mnIjkuq4ucG5nLTU3LTU3","width":"57","height":"57","mime":"image\/png"},{"emo_id":"847","emo_name":"\u70b8\u5f39","emo_desc":"\u70b8\u5f39","emo_cate_id":"8","emo_group_id":"52","emo_format":"png","emo_code":"OC81Mi-ngrjlvLkucG5nLTU3LTU3","width":"57","height":"57","mime":"image\/png"},{"emo_id":"848","emo_name":"\u7231\u4f60","emo_desc":"\u7231\u4f60","emo_cate_id":"8","emo_group_id":"52","emo_format":"png","emo_code":"OC81Mi-niLHkvaAucG5nLTU3LTU3","width":"57","height":"57","mime":"image\/png"},{"emo_id":"849","emo_name":"\u7231\u5fc3","emo_desc":"\u7231\u5fc3","emo_cate_id":"8","emo_group_id":"52","emo_format":"png","emo_code":"OC81Mi-niLHlv4MucG5nLTU3LTU3","width":"57","height":"57","mime":"image\/png"},{"emo_id":"850","emo_name":"\u732a\u5934","emo_desc":"\u732a\u5934","emo_cate_id":"8","emo_group_id":"52","emo_format":"png","emo_code":"OC81Mi-njKrlpLQucG5nLTU3LTU3","width":"57","height":"57","mime":"image\/png"},{"emo_id":"851","emo_name":"\u73ab\u7470","emo_desc":"\u73ab\u7470","emo_cate_id":"8","emo_group_id":"52","emo_format":"png","emo_code":"OC81Mi-njqvnkbAucG5nLTU3LTU3","width":"57","height":"57","mime":"image\/png"},{"emo_id":"852","emo_name":"\u74e2\u866b","emo_desc":"\u74e2\u866b","emo_cate_id":"8","emo_group_id":"52","emo_format":"png","emo_code":"OC81Mi-nk6LomasucG5nLTU3LTU3","width":"57","height":"57","mime":"image\/png"},{"emo_id":"853","emo_name":"\u767d\u773c","emo_desc":"\u767d\u773c","emo_cate_id":"8","emo_group_id":"52","emo_format":"png","emo_code":"OC81Mi-nmb3nnLwucG5nLTU3LTU3","width":"57","height":"57","mime":"image\/png"},{"emo_id":"854","emo_name":"\u7761\u89c9","emo_desc":"\u7761\u89c9","emo_cate_id":"8","emo_group_id":"52","emo_format":"png","emo_code":"OC81Mi-nnaHop4kucG5nLTU3LTU3","width":"57","height":"57","mime":"image\/png"},{"emo_id":"855","emo_name":"\u793c\u7269","emo_desc":"\u793c\u7269","emo_cate_id":"8","emo_group_id":"52","emo_format":"png","emo_code":"OC81Mi-npLzniakucG5nLTU3LTU3","width":"57","height":"57","mime":"image\/png"},{"emo_id":"856","emo_name":"\u7bee\u7403","emo_desc":"\u7bee\u7403","emo_cate_id":"8","emo_group_id":"52","emo_format":"png","emo_code":"OC81Mi-nr67nkIMucG5nLTU3LTU3","width":"57","height":"57","mime":"image\/png"},{"emo_id":"857","emo_name":"\u7c73\u996d","emo_desc":"\u7c73\u996d","emo_cate_id":"8","emo_group_id":"52","emo_format":"png","emo_code":"OC81Mi-nsbPppa0ucG5nLTU3LTU3","width":"57","height":"57","mime":"image\/png"},{"emo_id":"858","emo_name":"\u80dc\u5229","emo_desc":"\u80dc\u5229","emo_cate_id":"8","emo_group_id":"52","emo_format":"png","emo_code":"OC81Mi-og5zliKkucG5nLTU3LTU3","width":"57","height":"57","mime":"image\/png"},{"emo_id":"859","emo_name":"\u86cb\u7cd5","emo_desc":"\u86cb\u7cd5","emo_cate_id":"8","emo_group_id":"52","emo_format":"png","emo_code":"OC81Mi-om4vns5UucG5nLTU3LTU3","width":"57","height":"57","mime":"image\/png"},{"emo_id":"860","emo_name":"\u897f\u74dc","emo_desc":"\u897f\u74dc","emo_cate_id":"8","emo_group_id":"52","emo_format":"png","emo_code":"OC81Mi-opb-nk5wucG5nLTU3LTU3","width":"57","height":"57","mime":"image\/png"},{"emo_id":"861","emo_name":"\u8c03\u76ae","emo_desc":"\u8c03\u76ae","emo_cate_id":"8","emo_group_id":"52","emo_format":"png","emo_code":"OC81Mi-osIPnmq4ucG5nLTU3LTU3","width":"57","height":"57","mime":"image\/png"},{"emo_id":"862","emo_name":"\u8db3\u7403","emo_desc":"\u8db3\u7403","emo_cate_id":"8","emo_group_id":"52","emo_format":"png","emo_code":"OC81Mi-otrPnkIMucG5nLTU3LTU3","width":"57","height":"57","mime":"image\/png"},{"emo_id":"863","emo_name":"\u9119\u89c6","emo_desc":"\u9119\u89c6","emo_cate_id":"8","emo_group_id":"52","emo_format":"png","emo_code":"OC81Mi-phJnop4YucG5nLTU3LTU3","width":"57","height":"57","mime":"image\/png"},{"emo_id":"864","emo_name":"\u9177","emo_desc":"\u9177","emo_cate_id":"8","emo_group_id":"52","emo_format":"png","emo_code":"OC81Mi-phbcucG5nLTU3LTU3","width":"57","height":"57","mime":"image\/png"},{"emo_id":"865","emo_name":"\u95ea\u7535","emo_desc":"\u95ea\u7535","emo_cate_id":"8","emo_group_id":"52","emo_format":"png","emo_code":"OC81Mi-pl6rnlLUucG5nLTU3LTU3","width":"57","height":"57","mime":"image\/png"},{"emo_id":"866","emo_name":"\u95ed\u5634","emo_desc":"\u95ed\u5634","emo_cate_id":"8","emo_group_id":"52","emo_format":"png","emo_code":"OC81Mi-pl63lmLQucG5nLTU3LTU3","width":"57","height":"57","mime":"image\/png"},{"emo_id":"867","emo_name":"\u9634\u9669","emo_desc":"\u9634\u9669","emo_cate_id":"8","emo_group_id":"52","emo_format":"png","emo_code":"OC81Mi-pmLTpmakucG5nLTU3LTU3","width":"57","height":"57","mime":"image\/png"},{"emo_id":"868","emo_name":"\u96be\u8fc7","emo_desc":"\u96be\u8fc7","emo_cate_id":"8","emo_group_id":"52","emo_format":"png","emo_code":"OC81Mi-pmr7ov4cucG5nLTU3LTU3","width":"57","height":"57","mime":"image\/png"},{"emo_id":"869","emo_name":"\u9ab7\u9ac5","emo_desc":"\u9ab7\u9ac5","emo_cate_id":"8","emo_group_id":"52","emo_format":"png","emo_code":"OC81Mi-pqrfpq4UucG5nLTU3LTU3","width":"57","height":"57","mime":"image\/png"}]},{"group_id":"55","cate_id":"8","group_name":"\u53ef\u7231\u5154\u5154","group_desc":"\u7cfb\u7edf\u57fa\u7840","group_count":"24","group_cover":"cover.jpg","group_icon":"icon.jpg","group_format":"gif","group_custom":"0","group_system":"1","emo":[{"emo_id":"888","emo_name":"01","emo_desc":"01","emo_cate_id":"8","emo_group_id":"55","emo_format":"gif","emo_code":"OC81NS8wMS5naWYtMjQwLTI0MA==","width":"240","height":"240","mime":"image\/gif"},{"emo_id":"889","emo_name":"02","emo_desc":"02","emo_cate_id":"8","emo_group_id":"55","emo_format":"gif","emo_code":"OC81NS8wMi5naWYtMjQwLTI0MA==","width":"240","height":"240","mime":"image\/gif"},{"emo_id":"890","emo_name":"03","emo_desc":"03","emo_cate_id":"8","emo_group_id":"55","emo_format":"gif","emo_code":"OC81NS8wMy5naWYtMjQwLTI0MA==","width":"240","height":"240","mime":"image\/gif"},{"emo_id":"891","emo_name":"04","emo_desc":"04","emo_cate_id":"8","emo_group_id":"55","emo_format":"gif","emo_code":"OC81NS8wNC5naWYtMjQwLTI0MA==","width":"240","height":"240","mime":"image\/gif"},{"emo_id":"892","emo_name":"05","emo_desc":"05","emo_cate_id":"8","emo_group_id":"55","emo_format":"gif","emo_code":"OC81NS8wNS5naWYtMjQwLTI0MA==","width":"240","height":"240","mime":"image\/gif"},{"emo_id":"893","emo_name":"06","emo_desc":"06","emo_cate_id":"8","emo_group_id":"55","emo_format":"gif","emo_code":"OC81NS8wNi5naWYtMjQwLTI0MA==","width":"240","height":"240","mime":"image\/gif"},{"emo_id":"894","emo_name":"07","emo_desc":"07","emo_cate_id":"8","emo_group_id":"55","emo_format":"gif","emo_code":"OC81NS8wNy5naWYtMjQwLTI0MA==","width":"240","height":"240","mime":"image\/gif"},{"emo_id":"895","emo_name":"08","emo_desc":"08","emo_cate_id":"8","emo_group_id":"55","emo_format":"gif","emo_code":"OC81NS8wOC5naWYtMjQwLTI0MA==","width":"240","height":"240","mime":"image\/gif"},{"emo_id":"896","emo_name":"09","emo_desc":"09","emo_cate_id":"8","emo_group_id":"55","emo_format":"gif","emo_code":"OC81NS8wOS5naWYtMjQwLTI0MA==","width":"240","height":"240","mime":"image\/gif"},{"emo_id":"897","emo_name":"10","emo_desc":"10","emo_cate_id":"8","emo_group_id":"55","emo_format":"gif","emo_code":"OC81NS8xMC5naWYtMjQwLTI0MA==","width":"240","height":"240","mime":"image\/gif"},{"emo_id":"898","emo_name":"11","emo_desc":"11","emo_cate_id":"8","emo_group_id":"55","emo_format":"gif","emo_code":"OC81NS8xMS5naWYtMjQwLTI0MA==","width":"240","height":"240","mime":"image\/gif"},{"emo_id":"899","emo_name":"12","emo_desc":"12","emo_cate_id":"8","emo_group_id":"55","emo_format":"gif","emo_code":"OC81NS8xMi5naWYtMjQwLTI0MA==","width":"240","height":"240","mime":"image\/gif"},{"emo_id":"900","emo_name":"13","emo_desc":"13","emo_cate_id":"8","emo_group_id":"55","emo_format":"gif","emo_code":"OC81NS8xMy5naWYtMjQwLTI0MA==","width":"240","height":"240","mime":"image\/gif"},{"emo_id":"901","emo_name":"14","emo_desc":"14","emo_cate_id":"8","emo_group_id":"55","emo_format":"gif","emo_code":"OC81NS8xNC5naWYtMjQwLTI0MA==","width":"240","height":"240","mime":"image\/gif"},{"emo_id":"902","emo_name":"15","emo_desc":"15","emo_cate_id":"8","emo_group_id":"55","emo_format":"gif","emo_code":"OC81NS8xNS5naWYtMjQwLTI0MA==","width":"240","height":"240","mime":"image\/gif"},{"emo_id":"903","emo_name":"16","emo_desc":"16","emo_cate_id":"8","emo_group_id":"55","emo_format":"gif","emo_code":"OC81NS8xNi5naWYtMjQwLTI0MA==","width":"240","height":"240","mime":"image\/gif"},{"emo_id":"904","emo_name":"17","emo_desc":"17","emo_cate_id":"8","emo_group_id":"55","emo_format":"gif","emo_code":"OC81NS8xNy5naWYtMjQwLTI0MA==","width":"240","height":"240","mime":"image\/gif"},{"emo_id":"905","emo_name":"18","emo_desc":"18","emo_cate_id":"8","emo_group_id":"55","emo_format":"gif","emo_code":"OC81NS8xOC5naWYtMjQwLTI0MA==","width":"240","height":"240","mime":"image\/gif"},{"emo_id":"906","emo_name":"19","emo_desc":"19","emo_cate_id":"8","emo_group_id":"55","emo_format":"gif","emo_code":"OC81NS8xOS5naWYtMjQwLTI0MA==","width":"240","height":"240","mime":"image\/gif"},{"emo_id":"907","emo_name":"20","emo_desc":"20","emo_cate_id":"8","emo_group_id":"55","emo_format":"gif","emo_code":"OC81NS8yMC5naWYtMjQwLTI0MA==","width":"240","height":"240","mime":"image\/gif"},{"emo_id":"908","emo_name":"21","emo_desc":"21","emo_cate_id":"8","emo_group_id":"55","emo_format":"gif","emo_code":"OC81NS8yMS5naWYtMjQwLTI0MA==","width":"240","height":"240","mime":"image\/gif"},{"emo_id":"909","emo_name":"22","emo_desc":"22","emo_cate_id":"8","emo_group_id":"55","emo_format":"gif","emo_code":"OC81NS8yMi5naWYtMjQwLTI0MA==","width":"240","height":"240","mime":"image\/gif"},{"emo_id":"910","emo_name":"23","emo_desc":"23","emo_cate_id":"8","emo_group_id":"55","emo_format":"gif","emo_code":"OC81NS8yMy5naWYtMjQwLTI0MA==","width":"240","height":"240","mime":"image\/gif"},{"emo_id":"911","emo_name":"24","emo_desc":"24","emo_cate_id":"8","emo_group_id":"55","emo_format":"gif","emo_code":"OC81NS8yNC5naWYtMjQwLTI0MA==","width":"240","height":"240","mime":"image\/gif"}]}]}]}